id,username,created_at
25,Tierra.Trantow,"2016-10-03 12:49:21"
21,Rocio33,"2017-01-23 11:51:15"
34,Pearl7,"2016-07-08 21:42:01"
36,Ollie_Ledner37,"2016-08-04 15:42:20"
71,Nia_Haag,"2016-05-14 15:38:50"
49,Morgan.Kassulke,"2016-10-30 12:42:31"
66,Mike.Auer39,"2016-07-01 17:36:15"
41,Mckenna17,"2016-07-17 17:25:45"
24,Maxwell.Halvorson,"2017-04-18 02:32:44"
53,Linnea59,"2017-02-07 07:49:34"
75,Leslie67,"2016-09-21 05:14:01"
7,Kasandra_Homenick,"2016-12-12 06:50:08"
57,Julien_Schmidt,"2017-02-02 23:12:48"
89,Jessyca_West,"2016-09-14 23:47:05"
76,Janelle.Nikolaus81,"2016-07-21 09:26:09"
14,Jaclyn81,"2017-02-06 23:29:16"
74,Hulda.Macejkovic,"2017-01-25 17:17:28"
68,Franco_Keebler64,"2016-11-13 20:09:27"
81,Esther.Zulauf61,"2017-01-14 17:02:34"
90,Esmeralda.Mraz57,"2017-03-03 11:52:27"
54,Duane60,"2016-12-21 04:43:38"
45,David.Osinski47,"2017-02-05 21:23:37"
80,Darby_Herzog,"2016-05-06 00:14:21"
91,Bethany20,"2016-06-03 23:31:53"
83,Bartholome.Bernhard,"2016-11-06 02:31:23"
5,Aniya_Hackett,"2016-12-07 01:04:39"
